isolate_id,isolate_name,location,lat,lon
EPI_ISL_13902858,A/Eurasian Curlew/Netherlands/2/2022,"Europe / Netherlands / Den Oever, Waddenhaven",52.94347855,5.033864647
EPI_ISL_14494351,A/Larus_argentatus/Belgium/9013_0001/2022,Europe / Belgium / Provincie Oost-Vlaanderen / Gent,51.04858639,3.730905399
EPI_ISL_13519451,A/gull/France/22P015977/2022,Europe / France / Picardie / Departement de la Somme,49.95790417,2.276128843
EPI_ISL_13782459,A/chicken/England/085598/2022,Europe / United Kingdom / England,50.8545,0.4793
EPI_ISL_14494796,A/Vulpes_vulpes/Belgium/9031_0008/2022,Europe / Belgium / Provincie West-Vlaanderen / Knokke-Heist,51.35114773,3.291198136
EPI_ISL_14163714,A/European Herring Gull/Netherlands/9/2022,"Europe / Netherlands / Ijmuiden, Forteiland",52.46409569,4.580606967
EPI_ISL_14163712,A/European Herring Gull/Netherlands/8/2022,"Europe / Netherlands / Noordburen, Waddenkust",52.92089521,4.95999285
EPI_ISL_13778474,A/European Herring Gull/Netherlands/7/2022,"Europe / Netherlands / Walcheren, t Vroon Westkapelle",51.54126075,3.44470148
EPI_ISL_13778469,A/European Herring Gull/Netherlands/6/2022,"Europe / Netherlands / Walcheren, t Vroon Westkapelle",51.54126075,3.44470148
EPI_ISL_13778468,A/European Herring Gull/Netherlands/5/2022,"Europe / Netherlands / Walcheren, t Vroon Westkapelle",51.54126075,3.44470148
EPI_ISL_17606776,A/Larus_argentatus/Belgium/08182_0012/2022,Europe / Belgium / Provincie West-Vlaanderen / Sint-Idesbald,51.1110313,2.611554298
EPI_ISL_14864636,A/herring_gull/England/248639/2022,Europe / England,50.8829,0.6435
EPI_ISL_13782460,A/Herring_Gull/England/089636/2022,Europe / England,50.8814,0.6434
EPI_ISL_14864635,A/black-headed_gull/England/093296/2022,Europe / England,50.8668,-0.5452
EPI_ISL_14497836,A/chicken/England/098080/2022,Europe / England,50.4896,-3.7249
EPI_ISL_18059682,A/gull/South Korea/GNU54/2021,"Asia / Korea, Republic of",35.907757,127.766922
EPI_ISL_17373343,A/gull/USA/3_MNAI1172/2017,North America / United States,47.9837231,-95.02328466
EPI_ISL_15052970,A/gull/Shandong/W1359/2021,Asia / China / Shandong Province,36.066898,120.382698
EPI_ISL_399571,A/Larus argentatus/Belgium/U1610336_H907447/2016,Europe / Belgium,50.503887,4.469936
EPI_ISL_328987,A/European herring gull/Netherlands/3/2015,Europe / Netherlands,52.132633,5.291266
EPI_ISL_326959,A/kelp gull/Chile/C10779/2016,South America / Chile,-35.675147,-71.542969
EPI_ISL_328974,A/lesser black-backed gull/Netherlands/1/2015,Europe / Netherlands,52.132633,5.291266
EPI_ISL_9589576,A/Glaucous-Winged Gull/Alaska/20MB02820/2020,North America / United States,65.70971025,-150.514311
EPI_ISL_9589574,A/Glaucous-Winged Gull/Alaska/20MB02534/2020,North America / United States,65.70971025,-150.514311
EPI_ISL_9589507,A/Glaucous-Winged Gull/Alaska/20MB02836/2020,North America / United States,65.70971025,-150.514311
EPI_ISL_9589464,A/Glaucous-Winged Gull/Alaska/20MB02498/2020,North America / United States,65.70971025,-150.514311
EPI_ISL_9589438,A/Glaucous-Winged Gull/Alaska/20MB02698/2020,North America / United States,65.70971025,-150.514311
EPI_ISL_9589378,A/Glaucous-Winged Gull/Alaska/20MB02831/2020,North America / United States,65.70971025,-150.514311
EPI_ISL_9589331,A/Glaucous-Winged Gull/Alaska/20MB02182/2020,North America / United States,65.70971025,-150.514311
EPI_ISL_277416,A/glaucous-winged gull/Southcentral Alaska/16MB03160/2016,North America / United States,61.94737052,-150.5919309
EPI_ISL_277415,A/glaucous-winged gull/Southcentral Alaska/16MB03089/2016,North America / United States,61.94737052,-150.5919309
EPI_ISL_277414,A/glaucous-winged gull/Southcentral Alaska/16MB00031/2016,North America / United States,61.94737052,-150.5919309
EPI_ISL_277413,A/glaucous-winged gull/Southcentral Alaska/16MB03046/2016,North America / United States,61.94737052,-150.5919309
EPI_ISL_277412,A/glaucous-winged gull/Southcentral Alaska/16MB03039/2016,North America / United States,61.94737052,-150.5919309
EPI_ISL_277411,A/glaucous-winged gull/Southcentral Alaska/16MB03027/2016,North America / United States,61.94737052,-150.5919309
EPI_ISL_277410,A/glaucous-winged gull/Southcentral Alaska/16MB02960/2016,North America / United States,61.94737052,-150.5919309
EPI_ISL_277409,A/glaucous-winged gull/Southcentral Alaska/16MB02942/2016,North America / United States,61.94737052,-150.5919309
EPI_ISL_277408,A/glaucous-winged gull/Southcentral Alaska/16MB02941/2016,North America / United States,61.94737052,-150.5919309
EPI_ISL_277407,A/glaucous-winged gull/Southcentral Alaska/16MB02936/2016,North America / United States,61.94737052,-150.5919309
EPI_ISL_277374,A/glaucous-winged gull/Southcentral Alaska/16MB00033/2016,North America / United States,61.94737052,-150.5919309
EPI_ISL_252219,A/glaucous-winged gull/Southcentral Alaska/15MB02018/2015,North America / United States,61.94737052,-150.5919309
EPI_ISL_252217,A/glaucous-winged gull/Southcentral Alaska/15MB02016/2015,North America / United States,61.94737052,-150.5919309
EPI_ISL_252216,A/glaucous-winged gull/Southcentral Alaska/15MB01776/2015,North America / United States,61.94737052,-150.5919309
EPI_ISL_252213,A/glaucous-winged gull/Southcentral Alaska/15MB01694/2015,North America / United States,61.94737052,-150.5919309
EPI_ISL_252208,A/glaucous-winged gull/Southcentral Alaska/15MB01632/2015,North America / United States,61.94737052,-150.5919309
EPI_ISL_252207,A/glaucous-winged gull/Southcentral Alaska/15MB01429/2015,North America / United States,61.94737052,-150.5919309
EPI_ISL_252206,A/glaucous-winged gull/Southcentral Alaska/15MB01557/2015,North America / United States,61.94737052,-150.5919309
EPI_ISL_252199,A/glaucous-winged gull/Southcentral Alaska/15MB01693/2015,North America / United States,61.94737052,-150.5919309
EPI_ISL_252198,A/glaucous-winged gull/Southcentral Alaska/15MB01645/2015,North America / United States,61.94737052,-150.5919309
EPI_ISL_252197,A/glaucous-winged gull/Southcentral Alaska/15MB01610/2015,North America / United States,61.94737052,-150.5919309
EPI_ISL_16919128,A/Iceland gull/Delaware/819/2022,North America / United States / Delaware,39.27994555,-75.37236645
EPI_ISL_16919094,A/Great black-backed gull/Delaware/844/2022,North America / United States / Delaware,39.27994555,-75.37236645
EPI_ISL_256303,A/environment/Kamchatka/117/2016,Europe / Russian Federation / Kamchatka Krai,57.64115833,162.4632397
EPI_ISL_277382,A/swan/East China/SD588/2015(H13N8),Asia / China / Shandong Province,36.066898,120.382698
EPI_ISL_3319119,A/Common guillemot/Sweden/SVA210729SZ0317/FB002610/I-2021,Europe / Sweden / Gotlands Lan / Gotlands Kommun,57.47936409,18.59732367
EPI_ISL_381339,A/Duck/China/Weihai/2017,Asia / China,37.50914,122.11356
EPI_ISL_16919101,A/Laughing Gull/Delaware/801/2022,North America / United States / Delaware,39.27994555,-75.37236645
EPI_ISL_14767321,A/glaucous-winged gull/Alaska/AK18-288/2018,North America / United States / Alaska,65.70971025,-150.514311
EPI_ISL_16919118,A/Red knot/Delaware/1058/2022,North America / United States / Delaware,39.27994555,-75.37236645
EPI_ISL_376203,A/black-headed Gull/Netherlands/5/2017,Europe / Netherlands,52.132633,5.291266
EPI_ISL_328991,A/black-headed gull/Netherlands/1/2016,Europe / Netherlands,52.132633,5.291266
EPI_ISL_328990,A/black-headed gull/Netherlands/10/2016,Europe / Netherlands,52.132633,5.291266
EPI_ISL_328989,A/black-headed gull/Netherlands/2/2016,Europe / Netherlands,52.132633,5.291266
EPI_ISL_328988,A/black-headed gull/Netherlands/11/2016,Europe / Netherlands,52.132633,5.291266
EPI_ISL_328984,A/black-headed gull/Netherlands/8/2016,Europe / Netherlands,52.132633,5.291266
EPI_ISL_328983,A/black-headed gull/Netherlands/6/2016,Europe / Netherlands,52.132633,5.291266
EPI_ISL_328981,A/black-headed gull/Netherlands/3/2016,Europe / Netherlands,52.132633,5.291266
EPI_ISL_328980,A/black-headed gull/Netherlands/7/2016,Europe / Netherlands,52.132633,5.291266
EPI_ISL_328978,A/black-headed gull/Netherlands/9/2016,Europe / Netherlands,52.132633,5.291266
EPI_ISL_267201,A/black-headed gull/Netherlands/1/2015,Europe / Netherlands,52.132633,5.291266
EPI_ISL_337414,A/herring gull/Uvs-Nuur Lake/56/2017,Asia / Mongolia,50.3,92.7
EPI_ISL_308785,A/black-tailed gull/Weihai/17/2016,Asia / China,37.50914,122.11356
EPI_ISL_308784,A/black-tailed gull/Weihai/115/2016,Asia / China,37.50914,122.11356
EPI_ISL_327607,A/kelp gull/Chile/C27733/2017,South America / Chile,-35.675147,-71.542969
EPI_ISL_16920547,A/Iceland gull/Delaware/831/2022,North America / United States / Delaware,39.27994555,-75.37236645
EPI_ISL_327625,A/black skimmer/Chile/C20100/2016,South America / Chile,-35.675147,-71.542969
EPI_ISL_327624,A/black skimmer/Chile/C20057/2016,South America / Chile,-35.675147,-71.542969
EPI_ISL_16920536,A/Laughing gull/Delaware/809/2022,North America / United States / Delaware,39.27994555,-75.37236645
EPI_ISL_16920549,A/Red knot/Delaware/1087/2022,North America / United States / Delaware,39.27994555,-75.37236645
EPI_ISL_4061163,A/Red Knot/Delaware Bay/420/2020,North America / United States,39.27994555,-75.37236645
EPI_ISL_4056657,A/Red Knot/Delaware Bay/605/2020,North America / United States,39.27994555,-75.37236645
EPI_ISL_16920538,A/Sanderling/Delaware/192/2022,North America / United States / Delaware,39.27994555,-75.37236645
EPI_ISL_7622539,A/Chroicocephalus_ridibundus/Belgium/13464/2020,Europe / Belgium / Provincie West-Vlaanderen / Oostende,51.22962146,2.904946075
EPI_ISL_243597,A/black-headed gull/Netherlands/3/2015,Europe / Netherlands,52.132633,5.291266
EPI_ISL_243560,A/black-headed gull/Netherlands/2/2015,Europe / Netherlands,52.132633,5.291266
EPI_ISL_243545,A/black-headed gull/Netherlands/4/2015,Europe / Netherlands,52.132633,5.291266
EPI_ISL_243463,A/black-headed gull/Netherlands/5/2015,Europe / Netherlands,52.132633,5.291266
EPI_ISL_17978928,A/herring gull/Poland/P092/2020,Europe / Poland / West Pomeranian Voivodeship / Jarosławiec,54.54304046,16.54491668