Var1,Var2,mean_aa_dist
PB2_1,PB2_2,8.61140729915437
PB2_1,PB2_3,13.6331273618999
PB2_1,PB2_4,9.88137060689864
PB2_1,PB2_5,10.0460831387523
PB2_1,PB2_6,12.9064044481228
PB2_1,PB2_7,12.2784814244502
PB2_1,PB2_8,9.43787628634278
PB2_1,PB2_9,22.9519002074788
PB2_1,PB2_10,9.32534313211758
PB2_1,PB2_11,7.54273467941991
PB2_1,PB2_12,7.99531697361471
PB2_1,PB2_13,6.79550016638359
PB2_1,PB2_14,7.02017730298036
PB2_1,PB2_15,8.85376857217409
PB2_1,PB2_16,5.8988202498114
PB2_1,PB2_17,6.41237301886577
PB2_1,PB2_18,14.4518455543758
PB2_1,PB2_19,5.50409898284505
PB2_1,PB2_20,26.9295076160128
PB2_1,PB2_21,9.09152837951986
PB2_1,PB2_22,7.3917817924194
PB2_1,PB2_23,6.34540677765968
PB2_1,PB2_24,15.8618048175697
PB2_1,PB2_25,7.78072972015585
PB2_1,PB2_26,8.38171145184952
PB2_1,PB2_27,9.71865037194464
PB2_1,PB2_28,55.9973432518597
PB2_1,PB2_29,7.41716849687095
PB2_1,PB2_30,6.09835872003781
PB2_1,PB2_31,8.96221513756049
PB2_1,PB2_32,10.3634431455898
PB2_1,PB2_33,5.11429920887948
PB2_1,PB2_34,9.86114063053487
PB2_1,PB2_35,6.74530641161886
PB2_1,PB2_36,10.6464753808006
PB2_1,PB2_37,8.19305703152679
PB2_1,PB2_38,5.49008147360956
PB2_1,PB2_39,8.4844137442437
PB2_1,PB2_40,10.541622387531
PB2_1,PB2_41,4.78143818632662
PB2_1,PB2_42,8.46723343960328
PB2_1,PB2_43,8.46687920651789
PB2_1,PB2_44,19.9723698193411
PB2_1,PB2_45,43.178887708112
PB2_1,PB2_46,11.3358129649309
PB2_1,PB2_47,9.46085724406661
PB2_2,PB2_3,12.9013483295076
PB2_2,PB2_4,9.08330272193748
PB2_2,PB2_5,9.4679452335392
PB2_2,PB2_6,12.390745215134
PB2_2,PB2_7,11.527541964395
PB2_2,PB2_8,8.59875853070987
PB2_2,PB2_9,21.9675984622311
PB2_2,PB2_10,10.1572045499431
PB2_2,PB2_11,6.72502605210461
PB2_2,PB2_12,7.60109209244171
PB2_2,PB2_13,5.98669662557411
PB2_2,PB2_14,6.30149245860066
PB2_2,PB2_15,8.08855446742628
PB2_2,PB2_16,5.08630304086443
PB2_2,PB2_17,5.66480056887968
PB2_2,PB2_18,15.2332505010017
PB2_2,PB2_19,5.45307758373894
PB2_2,PB2_20,27.1557114228445
PB2_2,PB2_21,8.56093725913372
PB2_2,PB2_22,6.94589178356711
PB2_2,PB2_23,5.54345357381434
PB2_2,PB2_24,14.8798597194389
PB2_2,PB2_25,7.10718580017179
PB2_2,PB2_26,7.59816776409965
PB2_2,PB2_27,8.93066132264523
PB2_2,PB2_28,55.712625250501
PB2_2,PB2_29,5.69605878423511
PB2_2,PB2_30,4.80654642618575
PB2_2,PB2_31,8.6013360053441
PB2_2,PB2_32,9.90501002004007
PB2_2,PB2_33,4.00160320641283
PB2_2,PB2_34,9.90400801603208
PB2_2,PB2_35,5.949498997996
PB2_2,PB2_36,9.65611222444891
PB2_2,PB2_37,7.41823647294592
PB2_2,PB2_38,6.4482965931864
PB2_2,PB2_39,7.76613226452905
PB2_2,PB2_40,9.8316633266533
PB2_2,PB2_41,3.96673346693386
PB2_2,PB2_42,6.99879759519039
PB2_2,PB2_43,7.88416833667336
PB2_2,PB2_44,20.703006012024
PB2_2,PB2_45,42.3819639278557
PB2_2,PB2_46,12.8072144288577
PB2_2,PB2_47,7.18436873747495
PB2_3,PB2_4,12.1247631766298
PB2_3,PB2_5,12.5169577624233
PB2_3,PB2_6,17.3661098998392
PB2_3,PB2_7,12.6131164015617
PB2_3,PB2_8,13.6605692444863
PB2_3,PB2_9,27.1228445605245
PB2_3,PB2_10,15.2181190834897
PB2_3,PB2_11,11.767796979604
PB2_3,PB2_12,12.6963049933794
PB2_3,PB2_13,9.02598143980758
PB2_3,PB2_14,11.1744573367087
PB2_3,PB2_15,11.7398764463801
PB2_3,PB2_16,10.0951911946877
PB2_3,PB2_17,10.4949902819004
PB2_3,PB2_18,18.9422139187292
PB2_3,PB2_19,10.4879562287316
PB2_3,PB2_20,31.2527857476479
PB2_3,PB2_21,13.5896238278303
PB2_3,PB2_22,11.9724427837459
PB2_3,PB2_23,8.58520161918104
PB2_3,PB2_24,18.9472793087344
PB2_3,PB2_25,12.1014212317342
PB2_3,PB2_26,11.9583639153933
PB2_3,PB2_27,11.8782111163007
PB2_3,PB2_28,59.7312003736571
PB2_3,PB2_29,11.6616845710727
PB2_3,PB2_30,10.3323991904095
PB2_3,PB2_31,13.6336602833567
PB2_3,PB2_32,14.971975712284
PB2_3,PB2_33,9.33473454771916
PB2_3,PB2_34,14.9425502101822
PB2_3,PB2_35,10.2860812704344
PB2_3,PB2_36,12.288650163475
PB2_3,PB2_37,12.4955628211116
PB2_3,PB2_38,11.4918262494162
PB2_3,PB2_39,10.9061186361513
PB2_3,PB2_40,12.7524521251752
PB2_3,PB2_41,9.00186828584774
PB2_3,PB2_42,10.9626342830453
PB2_3,PB2_43,10.9584306398879
PB2_3,PB2_44,22.7687996263428
PB2_3,PB2_45,44.9346099953293
PB2_3,PB2_46,16.5361980382999
PB2_3,PB2_47,11.9560952825783
PB2_4,PB2_5,8.73846750761001
PB2_4,PB2_6,13.3981667387189
PB2_4,PB2_7,10.7512532197343
PB2_4,PB2_8,9.912641230906
PB2_4,PB2_9,23.6760699425409
PB2_4,PB2_10,11.4226753726232
PB2_4,PB2_11,7.94179611650588
PB2_4,PB2_12,8.88129509218826
PB2_4,PB2_13,5.21080219672436
PB2_4,PB2_14,7.54031681144617
PB2_4,PB2_15,8.01210844477076
PB2_4,PB2_16,6.29132545377796
PB2_4,PB2_17,6.86412464766691
PB2_4,PB2_18,16.5182135922331
PB2_4,PB2_19,6.64282246879331
PB2_4,PB2_20,28.8813453536754
PB2_4,PB2_21,9.7529126213592
PB2_4,PB2_22,8.15145631067961
PB2_4,PB2_23,4.75898058252424
PB2_4,PB2_24,16.1245752427184
PB2_4,PB2_25,8.26574202496533
PB2_4,PB2_26,8.59889042995841
PB2_4,PB2_27,8.16820388349514
PB2_4,PB2_28,57.4021844660194
PB2_4,PB2_29,7.24611650485435
PB2_4,PB2_30,6.45889967637539
PB2_4,PB2_31,9.81472491909389
PB2_4,PB2_32,11.1373786407767
PB2_4,PB2_33,5.50501618122977
PB2_4,PB2_34,11.1376213592233
PB2_4,PB2_35,7.15752427184466
PB2_4,PB2_36,8.93834951456309
PB2_4,PB2_37,8.54927184466018
PB2_4,PB2_38,7.62402912621359
PB2_4,PB2_39,7.02257281553398
PB2_4,PB2_40,9.16747572815533
PB2_4,PB2_41,5.17281553398058
PB2_4,PB2_42,7.16553398058252
PB2_4,PB2_43,7.15145631067961
PB2_4,PB2_44,19.9781553398058
PB2_4,PB2_45,43.6291262135922
PB2_4,PB2_46,14.1228155339806
PB2_4,PB2_47,8.16019417475728
PB2_5,PB2_6,14.0433635745752
PB2_5,PB2_7,11.1866910685023
PB2_5,PB2_8,10.3307593801989
PB2_5,PB2_9,22.3314985848362
PB2_5,PB2_10,9.80016449059136
PB2_5,PB2_11,8.37471532846711
PB2_5,PB2_12,7.34739837942805
PB2_5,PB2_13,5.64915579149097
PB2_5,PB2_14,7.97453899346936
PB2_5,PB2_15,8.43251618234427
PB2_5,PB2_16,6.72559504919068
PB2_5,PB2_17,7.27452319284199
PB2_5,PB2_18,15.0247883211678
PB2_5,PB2_19,7.10078206465065
PB2_5,PB2_20,29.5811261730963
PB2_5,PB2_21,10.200168444694
PB2_5,PB2_22,8.5985401459854
PB2_5,PB2_23,5.19361313868616
PB2_5,PB2_24,15.0534671532847
PB2_5,PB2_25,8.72450469238792
PB2_5,PB2_26,7.31876955161629
PB2_5,PB2_27,8.57554744525545
PB2_5,PB2_28,54.8770072992701
PB2_5,PB2_29,8.26593673965939
PB2_5,PB2_30,6.94014598540144
PB2_5,PB2_31,8.2566909975669
PB2_5,PB2_32,11.5744525547445
PB2_5,PB2_33,5.94452554744527
PB2_5,PB2_34,11.5616788321168
PB2_5,PB2_35,7.60255474452555
PB2_5,PB2_36,7.52700729927007
PB2_5,PB2_37,9.06094890510947
PB2_5,PB2_38,8.09671532846717
PB2_5,PB2_39,4.11350364963503
PB2_5,PB2_40,9.51751824817519
PB2_5,PB2_41,5.61167883211679
PB2_5,PB2_42,3.61386861313868
PB2_5,PB2_43,2.45620437956204
PB2_5,PB2_44,20.4430656934307
PB2_5,PB2_45,43.5211678832117
PB2_5,PB2_46,14.470802919708
PB2_5,PB2_47,4.60510948905109
PB2_6,PB2_7,15.936804334227
PB2_6,PB2_8,13.2370070475325
PB2_6,PB2_9,21.3836115012803
PB2_6,PB2_10,14.7205793465238
PB2_6,PB2_11,10.9282914979764
PB2_6,PB2_12,10.2310440886973
PB2_6,PB2_13,10.5360242097083
PB2_6,PB2_14,10.8691668442363
PB2_6,PB2_15,12.6297609044383
PB2_6,PB2_16,9.58234465763078
PB2_6,PB2_17,10.1629619955596
PB2_6,PB2_18,19.8843076923078
PB2_6,PB2_19,8.27246963562753
PB2_6,PB2_20,30.6386350491616
PB2_6,PB2_21,11.1257552164435
PB2_6,PB2_22,9.51336032388664
PB2_6,PB2_23,10.0835357624831
PB2_6,PB2_24,19.530060728745
PB2_6,PB2_25,11.643030653557
PB2_6,PB2_26,12.2068247541932
PB2_6,PB2_27,13.4801619433198
PB2_6,PB2_28,57.8902834008097
PB2_6,PB2_29,11.1481781376518
PB2_6,PB2_30,9.82078272604589
PB2_6,PB2_31,11.1676113360324
PB2_6,PB2_32,12.4963562753036
PB2_6,PB2_33,8.83400809716597
PB2_6,PB2_34,13.4672064777328
PB2_6,PB2_35,10.4862348178138
PB2_6,PB2_36,14.4817813765182
PB2_6,PB2_37,11.9615384615385
PB2_6,PB2_38,10.9376518218623
PB2_6,PB2_39,12.4526315789474
PB2_6,PB2_40,14.480971659919
PB2_6,PB2_41,8.50283400809717
PB2_6,PB2_42,12.4834008097166
PB2_6,PB2_43,12.4688259109312
PB2_6,PB2_44,23.2396761133603
PB2_6,PB2_45,47.2121457489879
PB2_6,PB2_46,16.7595141700405
PB2_6,PB2_47,13.4761133603239
PB2_7,PB2_8,12.3408947538932
PB2_7,PB2_9,24.4094945558402
PB2_7,PB2_10,13.8417340779363
PB2_7,PB2_11,10.3774635568512
PB2_7,PB2_12,11.3451467087491
PB2_7,PB2_13,7.61418853255579
PB2_7,PB2_14,9.97067285560839
PB2_7,PB2_15,10.5216458551075
PB2_7,PB2_16,8.71133857269617
PB2_7,PB2_17,9.2444277250071
PB2_7,PB2_18,14.9879883381923
PB2_7,PB2_19,8.94960433152853
PB2_7,PB2_20,31.654310703873
PB2_7,PB2_21,12.2009419152276
PB2_7,PB2_22,10.5728862973761
PB2_7,PB2_23,7.19533527696792
PB2_7,PB2_24,15.929664723032
PB2_7,PB2_25,10.7142857142857
PB2_7,PB2_26,11.3027905039567
PB2_7,PB2_27,8.10058309037905
PB2_7,PB2_28,59.9927113702624
PB2_7,PB2_29,10.2507288629738
PB2_7,PB2_30,8.9310009718173
PB2_7,PB2_31,12.2609329446064
PB2_7,PB2_32,13.5801749271137
PB2_7,PB2_33,7.93488824101068
PB2_7,PB2_34,13.3454810495627
PB2_7,PB2_35,9.60495626822157
PB2_7,PB2_36,9.60787172011662
PB2_7,PB2_37,11.0728862973761
PB2_7,PB2_38,10.0706997084548
PB2_7,PB2_39,9.59183673469388
PB2_7,PB2_40,11.5947521865889
PB2_7,PB2_41,7.60787172011662
PB2_7,PB2_42,9.58892128279883
PB2_7,PB2_43,9.60204081632653
PB2_7,PB2_44,22.4781341107872
PB2_7,PB2_45,46.2973760932945
PB2_7,PB2_46,14.5422740524781
PB2_7,PB2_47,10.5860058309038
PB2_8,PB2_9,23.1090424473884
PB2_8,PB2_10,10.9769925596468
PB2_8,PB2_11,7.4687719298243
PB2_8,PB2_12,8.4794606291468
PB2_8,PB2_13,6.81765018607102
PB2_8,PB2_14,7.04606545603779
PB2_8,PB2_15,8.91323697083395
PB2_8,PB2_16,5.88482074752094
PB2_8,PB2_17,6.48091555052508
PB2_8,PB2_18,16.1092397660818
PB2_8,PB2_19,6.27708159287107
PB2_8,PB2_20,28.0072403230299
PB2_8,PB2_21,9.3811665916929
PB2_8,PB2_22,7.75438596491228
PB2_8,PB2_23,6.37443144899284
PB2_8,PB2_24,15.7928849902534
PB2_8,PB2_25,7.92982456140351
PB2_8,PB2_26,8.33639654692287
PB2_8,PB2_27,9.76461988304093
PB2_8,PB2_28,54.369395711501
PB2_8,PB2_29,7.43339831059129
PB2_8,PB2_30,6.11371020142949
PB2_8,PB2_31,9.42560103963612
PB2_8,PB2_32,10.7621832358675
PB2_8,PB2_33,5.12345679012346
PB2_8,PB2_34,10.7417153996101
PB2_8,PB2_35,6.41130604288499
PB2_8,PB2_36,10.1647173489279
PB2_8,PB2_37,8.23294346978558
PB2_8,PB2_38,7.07992202729045
PB2_8,PB2_39,8.33333333333333
PB2_8,PB2_40,9.19883040935672
PB2_8,PB2_41,4.79142300194932
PB2_8,PB2_42,8.76218323586745
PB2_8,PB2_43,8.75633528265108
PB2_8,PB2_44,21.5653021442495
PB2_8,PB2_45,43.4619883040936
PB2_8,PB2_46,13.7056530214425
PB2_8,PB2_47,9.76218323586745
PB2_9,PB2_10,23.0896090830696
PB2_9,PB2_11,21.5922108843538
PB2_9,PB2_12,18.5746114959745
PB2_9,PB2_13,20.8268398268398
PB2_9,PB2_14,20.6648093447905
PB2_9,PB2_15,22.8825567963035
PB2_9,PB2_16,19.8138864241349
PB2_9,PB2_17,20.4079986833443
PB2_9,PB2_18,28.1522448979592
PB2_9,PB2_19,18.6632653061224
PB2_9,PB2_20,38.8702623906707
PB2_9,PB2_21,21.1715070643642
PB2_9,PB2_22,19.8775510204082
PB2_9,PB2_23,20.4608843537415
PB2_9,PB2_24,27.5102040816327
PB2_9,PB2_25,22.0204081632653
PB2_9,PB2_26,20.5954810495627
PB2_9,PB2_27,23.3788265306123
PB2_9,PB2_28,67.3520408163265
PB2_9,PB2_29,20.8758503401361
PB2_9,PB2_30,19.2108843537415
PB2_9,PB2_31,21.5374149659864
PB2_9,PB2_32,22.8724489795918
PB2_9,PB2_33,19.2108843537415
PB2_9,PB2_34,24.8775510204082
PB2_9,PB2_35,20.875
PB2_9,PB2_36,20.8801020408163
PB2_9,PB2_37,22.3775510204082
PB2_9,PB2_38,21.3775510204082
PB2_9,PB2_39,20.3826530612245
PB2_9,PB2_40,24.8367346938776
PB2_9,PB2_41,18.8775510204082
PB2_9,PB2_42,20.8877551020408
PB2_9,PB2_43,20.8877551020408
PB2_9,PB2_44,34.8775510204082
PB2_9,PB2_45,55.8265306122449
PB2_9,PB2_46,27.8775510204082
PB2_9,PB2_47,21.8877551020408
PB2_10,PB2_11,9.06295774647891
PB2_10,PB2_12,8.05162165654478
PB2_10,PB2_13,8.33575188504773
PB2_10,PB2_14,8.69607116382508
PB2_10,PB2_15,10.3929045973958
PB2_10,PB2_16,7.42360685854255
PB2_10,PB2_17,7.93843707405726
PB2_10,PB2_18,13.7467605633803
PB2_10,PB2_19,6.92756539235412
PB2_10,PB2_20,29.5216297786721
PB2_10,PB2_21,10.8331527627302
PB2_10,PB2_22,9.29577464788732
PB2_10,PB2_23,7.86795774647887
PB2_10,PB2_24,15.7711267605634
PB2_10,PB2_25,7.45674044265593
PB2_10,PB2_26,8.00301810865191
PB2_10,PB2_27,11.2676056338028
PB2_10,PB2_28,53.6056338028169
PB2_10,PB2_29,8.94835680751174
PB2_10,PB2_30,7.61032863849765
PB2_10,PB2_31,10.9084507042254
PB2_10,PB2_32,12.2957746478873
PB2_10,PB2_33,6.62910798122066
PB2_10,PB2_34,9.25704225352113
PB2_10,PB2_35,8.27464788732394
PB2_10,PB2_36,10.2570422535211
PB2_10,PB2_37,9.79577464788732
PB2_10,PB2_38,6.79577464788732
PB2_10,PB2_39,8.1725352112676
PB2_10,PB2_40,12.2183098591549
PB2_10,PB2_41,6.29577464788732
PB2_10,PB2_42,8.23943661971831
PB2_10,PB2_43,8.19718309859155
PB2_10,PB2_44,22.2323943661972
PB2_10,PB2_45,45.169014084507
PB2_10,PB2_46,13.169014084507
PB2_10,PB2_47,9.23943661971831
PB2_11,PB2_12,6.45590214067276
PB2_11,PB2_13,4.82895622895627
PB2_11,PB2_14,5.18201754385959
PB2_11,PB2_15,6.91132075471694
PB2_11,PB2_16,3.89869565217391
PB2_11,PB2_17,4.45698924731183
PB2_11,PB2_18,14.2194666666667
PB2_11,PB2_19,4.27666666666666
PB2_11,PB2_20,26.9904761904761
PB2_11,PB2_21,7.38769230769231
PB2_11,PB2_22,5.77333333333333
PB2_11,PB2_23,4.36333333333333
PB2_11,PB2_24,14.0275
PB2_11,PB2_25,5.92285714285714
PB2_11,PB2_26,6.48666666666666
PB2_11,PB2_27,7.77333333333333
PB2_11,PB2_28,54.24
PB2_11,PB2_29,5.44666666666666
PB2_11,PB2_30,4.11333333333334
PB2_11,PB2_31,7.44
PB2_11,PB2_32,8.76
PB2_11,PB2_33,3.11333333333334
PB2_11,PB2_34,8.77666666666667
PB2_11,PB2_35,4.78
PB2_11,PB2_36,8.78
PB2_11,PB2_37,6.23666666666667
PB2_11,PB2_38,5.28
PB2_11,PB2_39,6.77
PB2_11,PB2_40,8.78
PB2_11,PB2_41,2.78
PB2_11,PB2_42,6.78
PB2_11,PB2_43,6.78
PB2_11,PB2_44,19.7733333333333
PB2_11,PB2_45,40.6933333333333
PB2_11,PB2_46,10.7866666666667
PB2_11,PB2_47,7.78
PB2_12,PB2_13,5.81160226114362
PB2_12,PB2_14,6.08474167069053
PB2_12,PB2_15,7.88886965553059
PB2_12,PB2_16,4.89170323095333
PB2_12,PB2_17,5.47084936371707
PB2_12,PB2_18,13.2014678899083
PB2_12,PB2_19,4.69003931847969
PB2_12,PB2_20,25.5845347313237
PB2_12,PB2_21,6.37685250529287
PB2_12,PB2_22,4.76146788990826
PB2_12,PB2_23,5.34480122324159
PB2_12,PB2_24,13.2614678899083
PB2_12,PB2_25,6.9043250327654
PB2_12,PB2_26,5.47051114023591
PB2_12,PB2_27,8.76146788990826
PB2_12,PB2_28,53.0137614678899
PB2_12,PB2_29,6.42813455657492
PB2_12,PB2_30,5.09480122324159
PB2_12,PB2_31,6.3914373088685
PB2_12,PB2_32,7.74311926605505
PB2_12,PB2_33,4.09480122324159
PB2_12,PB2_34,9.73394495412844
PB2_12,PB2_35,5.76146788990826
PB2_12,PB2_36,7.76146788990826
PB2_12,PB2_37,6.27981651376147
PB2_12,PB2_38,6.26146788990826
PB2_12,PB2_39,5.74311926605505
PB2_12,PB2_40,9.76146788990826
PB2_12,PB2_41,3.76146788990826
PB2_12,PB2_42,5.76146788990826
PB2_12,PB2_43,5.76146788990826
PB2_12,PB2_44,20.2935779816514
PB2_12,PB2_45,42.7522935779817
PB2_12,PB2_46,12.3211009174312
PB2_12,PB2_47,6.75229357798165
PB2_13,PB2_14,4.44896331738437
PB2_13,PB2_15,4.96836287402329
PB2_13,PB2_16,3.17764602547212
PB2_13,PB2_17,3.73607038123167
PB2_13,PB2_18,13.3943434343434
PB2_13,PB2_19,3.54834054834055
PB2_13,PB2_20,26.2099567099567
PB2_13,PB2_21,6.66588966588967
PB2_13,PB2_22,4.95959595959596
PB2_13,PB2_23,1.63383838383839
PB2_13,PB2_24,13.2272727272727
PB2_13,PB2_25,5.19336219336219
PB2_13,PB2_26,5.76479076479076
PB2_13,PB2_27,5.01010101010101
PB2_13,PB2_28,54.449494949495
PB2_13,PB2_29,4.68350168350168
PB2_13,PB2_30,3.34343434343434
PB2_13,PB2_31,6.71043771043771
PB2_13,PB2_32,8.05050505050505
PB2_13,PB2_33,2.38383838383838
PB2_13,PB2_34,8
PB2_13,PB2_35,4.03030303030303
PB2_13,PB2_36,6.03030303030303
PB2_13,PB2_37,5.48989898989899
PB2_13,PB2_38,4.55050505050505
PB2_13,PB2_39,4.04545454545454
PB2_13,PB2_40,5.98989898989899
PB2_13,PB2_41,2.05050505050505
PB2_13,PB2_42,4.05050505050505
PB2_13,PB2_43,4.05050505050505
PB2_13,PB2_44,16.8282828282828
PB2_13,PB2_45,40.7474747474747
PB2_13,PB2_46,11.030303030303
PB2_13,PB2_47,5.05050505050505
PB2_14,PB2_15,6.52656405163851
PB2_14,PB2_16,3.52345537757438
PB2_14,PB2_17,3.95458404074703
PB2_14,PB2_18,13.8005263157895
PB2_14,PB2_19,3.90601503759398
PB2_14,PB2_20,26.421992481203
PB2_14,PB2_21,7.00607287449393
PB2_14,PB2_22,5.39473684210526
PB2_14,PB2_23,3.99122807017544
PB2_14,PB2_24,13.4572368421053
PB2_14,PB2_25,5.55075187969925
PB2_14,PB2_26,6.10526315789474
PB2_14,PB2_27,7.38157894736842
PB2_14,PB2_28,54.6842105263158
PB2_14,PB2_29,5.06140350877193
PB2_14,PB2_30,3.74122807017544
PB2_14,PB2_31,7.03070175438597
PB2_14,PB2_32,8.38157894736842
PB2_14,PB2_33,2.74122807017544
PB2_14,PB2_34,8.38157894736842
PB2_14,PB2_35,4.39473684210526
PB2_14,PB2_36,7.96052631578947
PB2_14,PB2_37,5.85526315789474
PB2_14,PB2_38,4.89473684210526
PB2_14,PB2_39,5.79605263157895
PB2_14,PB2_40,6.25
PB2_14,PB2_41,2.4078947368421
PB2_14,PB2_42,6.4078947368421
PB2_14,PB2_43,6.4078947368421
PB2_14,PB2_44,19.1315789473684
PB2_14,PB2_45,40.6052631578947
PB2_14,PB2_46,11.3289473684211
PB2_14,PB2_47,7.4078947368421
PB2_15,PB2_16,5.23461853978671
PB2_15,PB2_17,5.83566646378575
PB2_15,PB2_18,15.5433962264151
PB2_15,PB2_19,5.59164420485175
PB2_15,PB2_20,28.4177897574124
PB2_15,PB2_21,8.68650217706822
PB2_15,PB2_22,7.13207547169811
PB2_15,PB2_23,4.50786163522013
PB2_15,PB2_24,15.3820754716981
PB2_15,PB2_25,7.27493261455526
PB2_15,PB2_26,7.03504043126684
PB2_15,PB2_27,7.92452830188679
PB2_15,PB2_28,56.5754716981132
PB2_15,PB2_29,6.79874213836478
PB2_15,PB2_30,5.46540880503145
PB2_15,PB2_31,8.79874213836478
PB2_15,PB2_32,10.1320754716981
PB2_15,PB2_33,4.46540880503145
PB2_15,PB2_34,10.1320754716981
PB2_15,PB2_35,6.13207547169811
PB2_15,PB2_36,7.33962264150943
PB2_15,PB2_37,7.63207547169811
PB2_15,PB2_38,6.63207547169811
PB2_15,PB2_39,6.41509433962264
PB2_15,PB2_40,8.92452830188679
PB2_15,PB2_41,4.13207547169811
PB2_15,PB2_42,6.92452830188679
PB2_15,PB2_43,6.92452830188679
PB2_15,PB2_44,19.9245283018868
PB2_15,PB2_45,42.5660377358491
PB2_15,PB2_46,12.9433962264151
PB2_15,PB2_47,7.92452830188679
PB2_16,PB2_17,2.83660589060308
PB2_16,PB2_18,12.4921739130435
PB2_16,PB2_19,2.6304347826087
PB2_16,PB2_20,25.3788819875776
PB2_16,PB2_21,5.61538461538462
PB2_16,PB2_22,4.1304347826087
PB2_16,PB2_23,2.71376811594203
PB2_16,PB2_24,12.3722826086957
PB2_16,PB2_25,4.27329192546584
PB2_16,PB2_26,4.81366459627329
PB2_16,PB2_27,6.10326086956522
PB2_16,PB2_28,53.5434782608696
PB2_16,PB2_29,3.78260869565217
PB2_16,PB2_30,2.44202898550725
PB2_16,PB2_31,5.78260869565217
PB2_16,PB2_32,7.10869565217391
PB2_16,PB2_33,1.46376811594203
PB2_16,PB2_34,7.1304347826087
PB2_16,PB2_35,3.1304347826087
PB2_16,PB2_36,7.10869565217391
PB2_16,PB2_37,4.60869565217391
PB2_16,PB2_38,3.6304347826087
PB2_16,PB2_39,5.08695652173913
PB2_16,PB2_40,7.10869565217391
PB2_16,PB2_41,1.1304347826087
PB2_16,PB2_42,5.1304347826087
PB2_16,PB2_43,5.1304347826087
PB2_16,PB2_44,18.0869565217391
PB2_16,PB2_45,40.0652173913044
PB2_16,PB2_46,10.1304347826087
PB2_16,PB2_47,6.1304347826087
PB2_17,PB2_18,12.9961290322581
PB2_17,PB2_19,3.17741935483871
PB2_17,PB2_20,24.8041474654378
PB2_17,PB2_21,6.32506203473945
PB2_17,PB2_22,4.70967741935484
PB2_17,PB2_23,3.29301075268817
PB2_17,PB2_24,12.883064516129
PB2_17,PB2_25,4.85253456221198
PB2_17,PB2_26,5.42396313364055
PB2_17,PB2_27,6.68548387096774
PB2_17,PB2_28,53.4677419354839
PB2_17,PB2_29,4.36559139784946
PB2_17,PB2_30,3.04301075268817
PB2_17,PB2_31,6.35483870967742
PB2_17,PB2_32,7.67741935483871
PB2_17,PB2_33,2.04301075268817
PB2_17,PB2_34,7.67741935483871
PB2_17,PB2_35,3.64516129032258
PB2_17,PB2_36,7.70967741935484
PB2_17,PB2_37,5.17741935483871
PB2_17,PB2_38,4.14516129032258
PB2_17,PB2_39,5.62903225806452
PB2_17,PB2_40,7.12903225806452
PB2_17,PB2_41,1.70967741935484
PB2_17,PB2_42,5.70967741935484
PB2_17,PB2_43,5.70967741935484
PB2_17,PB2_44,17.8709677419355
PB2_17,PB2_45,39.6451612903226
PB2_17,PB2_46,10.6129032258065
PB2_17,PB2_47,6.70967741935484
PB2_18,PB2_19,11.9342857142857
PB2_18,PB2_20,34.4714285714286
PB2_18,PB2_21,16.0553846153846
PB2_18,PB2_22,12.44
PB2_18,PB2_23,13.0033333333333
PB2_18,PB2_24,15.895
PB2_18,PB2_25,14.5828571428571
PB2_18,PB2_26,13.1314285714286
PB2_18,PB2_27,16.44
PB2_18,PB2_28,62.82
PB2_18,PB2_29,13.9733333333333
PB2_18,PB2_30,12.6533333333333
PB2_18,PB2_31,16.1066666666667
PB2_18,PB2_32,17.44
PB2_18,PB2_33,11.76
PB2_18,PB2_34,16.44
PB2_18,PB2_35,13.44
PB2_18,PB2_36,15.44
PB2_18,PB2_37,14.94
PB2_18,PB2_38,11.92
PB2_18,PB2_39,13.44
PB2_18,PB2_40,17.44
PB2_18,PB2_41,11.44
PB2_18,PB2_42,13.4
PB2_18,PB2_43,13.44
PB2_18,PB2_44,25.24
PB2_18,PB2_45,46.16
PB2_18,PB2_46,15.96
PB2_18,PB2_47,14.4
PB2_19,PB2_20,24.734693877551
PB2_19,PB2_21,5.54395604395604
PB2_19,PB2_22,3.92857142857143
PB2_19,PB2_23,3.08333333333333
PB2_19,PB2_24,12.6071428571429
PB2_19,PB2_25,4.64285714285714
PB2_19,PB2_26,5.21428571428571
PB2_19,PB2_27,6.5
PB2_19,PB2_28,52.7142857142857
PB2_19,PB2_29,4.16666666666667
PB2_19,PB2_30,2.83333333333333
PB2_19,PB2_31,5.5952380952381
PB2_19,PB2_32,6.92857142857143
PB2_19,PB2_33,1.83333333333333
PB2_19,PB2_34,7.07142857142857
PB2_19,PB2_35,3.5
PB2_19,PB2_36,7.5
PB2_19,PB2_37,5
PB2_19,PB2_38,3.14285714285714
PB2_19,PB2_39,5.5
PB2_19,PB2_40,7.5
PB2_19,PB2_41,1.5
PB2_19,PB2_42,5.5
PB2_19,PB2_43,5.5
PB2_19,PB2_44,17.9285714285714
PB2_19,PB2_45,40.5
PB2_19,PB2_46,9.64285714285714
PB2_19,PB2_47,6.5
PB2_20,PB2_21,26.967032967033
PB2_20,PB2_22,25.3571428571429
PB2_20,PB2_23,25.8690476190476
PB2_20,PB2_24,34.2053571428571
PB2_20,PB2_25,27.0714285714286
PB2_20,PB2_26,27.4285714285714
PB2_20,PB2_27,29.0714285714286
PB2_20,PB2_28,71.9642857142857
PB2_20,PB2_29,26.9047619047619
PB2_20,PB2_30,25.6190476190476
PB2_20,PB2_31,26.9047619047619
PB2_20,PB2_32,28.2857142857143
PB2_20,PB2_33,24.6190476190476
PB2_20,PB2_34,28.75
PB2_20,PB2_35,26.2857142857143
PB2_20,PB2_36,30.25
PB2_20,PB2_37,27.75
PB2_20,PB2_38,24.7857142857143
PB2_20,PB2_39,26.6785714285714
PB2_20,PB2_40,29.2857142857143
PB2_20,PB2_41,24.2857142857143
PB2_20,PB2_42,28.2142857142857
PB2_20,PB2_43,28.2142857142857
PB2_20,PB2_44,29.3571428571429
PB2_20,PB2_45,60.0714285714286
PB2_20,PB2_46,30.4285714285714
PB2_20,PB2_47,28.5
PB2_21,PB2_22,5.61538461538461
PB2_21,PB2_23,6.19871794871795
PB2_21,PB2_24,15.8653846153846
PB2_21,PB2_25,7.75824175824176
PB2_21,PB2_26,8.03296703296703
PB2_21,PB2_27,9.61538461538461
PB2_21,PB2_28,55.0384615384615
PB2_21,PB2_29,7.28205128205128
PB2_21,PB2_30,5.94871794871795
PB2_21,PB2_31,7.28205128205128
PB2_21,PB2_32,8.61538461538461
PB2_21,PB2_33,4.94871794871795
PB2_21,PB2_34,10.5384615384615
PB2_21,PB2_35,6.61538461538461
PB2_21,PB2_36,10.6153846153846
PB2_21,PB2_37,8.11538461538461
PB2_21,PB2_38,7.11538461538461
PB2_21,PB2_39,8.61538461538461
PB2_21,PB2_40,10.5384615384615
PB2_21,PB2_41,4.61538461538461
PB2_21,PB2_42,8.61538461538461
PB2_21,PB2_43,8.61538461538461
PB2_21,PB2_44,21.5384615384615
PB2_21,PB2_45,43.5384615384615
PB2_21,PB2_46,13.6153846153846
PB2_21,PB2_47,9.61538461538461
PB2_22,PB2_23,4.58333333333333
PB2_22,PB2_24,13.25
PB2_22,PB2_25,6.14285714285714
PB2_22,PB2_26,6.71428571428571
PB2_22,PB2_27,8
PB2_22,PB2_28,53.5
PB2_22,PB2_29,5.66666666666667
PB2_22,PB2_30,4.33333333333333
PB2_22,PB2_31,5.66666666666667
PB2_22,PB2_32,7
PB2_22,PB2_33,3.33333333333333
PB2_22,PB2_34,9
PB2_22,PB2_35,5
PB2_22,PB2_36,9
PB2_22,PB2_37,6.5
PB2_22,PB2_38,5.5
PB2_22,PB2_39,7
PB2_22,PB2_40,9
PB2_22,PB2_41,3
PB2_22,PB2_42,7
PB2_22,PB2_43,7
PB2_22,PB2_44,18
PB2_22,PB2_45,40
PB2_22,PB2_46,12
PB2_22,PB2_47,8
PB2_23,PB2_24,12.8333333333333
PB2_23,PB2_25,4.72619047619048
PB2_23,PB2_26,5.29761904761905
PB2_23,PB2_27,4.58333333333333
PB2_23,PB2_28,53.9166666666667
PB2_23,PB2_29,4.25
PB2_23,PB2_30,2.91666666666667
PB2_23,PB2_31,6.25
PB2_23,PB2_32,7.58333333333333
PB2_23,PB2_33,1.91666666666667
PB2_23,PB2_34,7.58333333333333
PB2_23,PB2_35,3.58333333333333
PB2_23,PB2_36,5.58333333333333
PB2_23,PB2_37,5.08333333333333
PB2_23,PB2_38,4.08333333333333
PB2_23,PB2_39,3.54166666666667
PB2_23,PB2_40,5.58333333333333
PB2_23,PB2_41,1.58333333333333
PB2_23,PB2_42,3.58333333333333
PB2_23,PB2_43,3.58333333333333
PB2_23,PB2_44,16.5833333333333
PB2_23,PB2_45,40.25
PB2_23,PB2_46,10.5833333333333
PB2_23,PB2_47,4.58333333333333
PB2_24,PB2_25,14.3928571428571
PB2_24,PB2_26,13.1785714285714
PB2_24,PB2_27,15.9375
PB2_24,PB2_28,62.625
PB2_24,PB2_29,13.7083333333333
PB2_24,PB2_30,12.5833333333333
PB2_24,PB2_31,15.9166666666667
PB2_24,PB2_32,17.25
PB2_24,PB2_33,11.5833333333333
PB2_24,PB2_34,17.125
PB2_24,PB2_35,13
PB2_24,PB2_36,14.3125
PB2_24,PB2_37,14.5
PB2_24,PB2_38,13.75
PB2_24,PB2_39,13.375
PB2_24,PB2_40,17.25
PB2_24,PB2_41,11.25
PB2_24,PB2_42,13.5
PB2_24,PB2_43,13.5
PB2_24,PB2_44,24.75
PB2_24,PB2_45,47.375
PB2_24,PB2_46,20.25
PB2_24,PB2_47,14.5
PB2_25,PB2_26,6.85714285714286
PB2_25,PB2_27,8.14285714285714
PB2_25,PB2_28,53.6428571428571
PB2_25,PB2_29,5.80952380952381
PB2_25,PB2_30,4.47619047619048
PB2_25,PB2_31,7.80952380952381
PB2_25,PB2_32,9.14285714285714
PB2_25,PB2_33,3.47619047619048
PB2_25,PB2_34,9.14285714285714
PB2_25,PB2_35,5.14285714285714
PB2_25,PB2_36,9.14285714285714
PB2_25,PB2_37,6.64285714285714
PB2_25,PB2_38,5.64285714285714
PB2_25,PB2_39,7.14285714285714
PB2_25,PB2_40,9.14285714285714
PB2_25,PB2_41,3.14285714285714
PB2_25,PB2_42,7.14285714285714
PB2_25,PB2_43,7.14285714285714
PB2_25,PB2_44,20.1428571428571
PB2_25,PB2_45,42.1428571428571
PB2_25,PB2_46,12.1428571428571
PB2_25,PB2_47,8.14285714285714
PB2_26,PB2_27,8.71428571428571
PB2_26,PB2_28,55.2142857142857
PB2_26,PB2_29,6.38095238095238
PB2_26,PB2_30,5.04761904761905
PB2_26,PB2_31,8.38095238095238
PB2_26,PB2_32,9.71428571428571
PB2_26,PB2_33,4.04761904761905
PB2_26,PB2_34,9.71428571428571
PB2_26,PB2_35,5.71428571428571
PB2_26,PB2_36,7.71428571428571
PB2_26,PB2_37,7.21428571428571
PB2_26,PB2_38,6.21428571428571
PB2_26,PB2_39,5.42857142857143
PB2_26,PB2_40,9.71428571428571
PB2_26,PB2_41,3.71428571428571
PB2_26,PB2_42,5.71428571428571
PB2_26,PB2_43,5.71428571428571
PB2_26,PB2_44,20.7142857142857
PB2_26,PB2_45,42.2857142857143
PB2_26,PB2_46,12.5714285714286
PB2_26,PB2_47,6.71428571428571
PB2_27,PB2_28,55.5
PB2_27,PB2_29,7.66666666666667
PB2_27,PB2_30,6.33333333333333
PB2_27,PB2_31,9.66666666666667
PB2_27,PB2_32,11
PB2_27,PB2_33,5.33333333333333
PB2_27,PB2_34,11
PB2_27,PB2_35,7
PB2_27,PB2_36,8.5
PB2_27,PB2_37,8.5
PB2_27,PB2_38,7.5
PB2_27,PB2_39,7
PB2_27,PB2_40,9
PB2_27,PB2_41,5
PB2_27,PB2_42,7
PB2_27,PB2_43,7
PB2_27,PB2_44,20
PB2_27,PB2_45,44
PB2_27,PB2_46,14
PB2_27,PB2_47,8
PB2_28,PB2_29,55.1666666666667
PB2_28,PB2_30,53.8333333333333
PB2_28,PB2_31,53.1666666666667
PB2_28,PB2_32,54.5
PB2_28,PB2_33,52.8333333333333
PB2_28,PB2_34,55.5
PB2_28,PB2_35,52.5
PB2_28,PB2_36,57.5
PB2_28,PB2_37,56
PB2_28,PB2_38,55
PB2_28,PB2_39,55
PB2_28,PB2_40,54.5
PB2_28,PB2_41,52.5
PB2_28,PB2_42,53.5
PB2_28,PB2_43,53.5
PB2_28,PB2_44,67.5
PB2_28,PB2_45,84.5
PB2_28,PB2_46,60.5
PB2_28,PB2_47,53.5
PB2_29,PB2_30,2.66666666666667
PB2_29,PB2_31,7.33333333333333
PB2_29,PB2_32,8.66666666666667
PB2_29,PB2_33,2.55555555555556
PB2_29,PB2_34,8.66666666666667
PB2_29,PB2_35,4.66666666666667
PB2_29,PB2_36,8.5
PB2_29,PB2_37,6.16666666666667
PB2_29,PB2_38,5.16666666666667
PB2_29,PB2_39,6.66666666666667
PB2_29,PB2_40,8.66666666666667
PB2_29,PB2_41,2.66666666666667
PB2_29,PB2_42,5.33333333333333
PB2_29,PB2_43,6.66666666666667
PB2_29,PB2_44,19.6666666666667
PB2_29,PB2_45,41.3333333333333
PB2_29,PB2_46,11.6666666666667
PB2_29,PB2_47,6.33333333333333
PB2_30,PB2_31,6
PB2_30,PB2_32,7.33333333333333
PB2_30,PB2_33,1.66666666666667
PB2_30,PB2_34,7.33333333333333
PB2_30,PB2_35,3.33333333333333
PB2_30,PB2_36,7.33333333333333
PB2_30,PB2_37,4.83333333333333
PB2_30,PB2_38,3.83333333333333
PB2_30,PB2_39,5.33333333333333
PB2_30,PB2_40,7.33333333333333
PB2_30,PB2_41,1.33333333333333
PB2_30,PB2_42,5.33333333333333
PB2_30,PB2_43,5.33333333333333
PB2_30,PB2_44,18.3333333333333
PB2_30,PB2_45,40.3333333333333
PB2_30,PB2_46,10.3333333333333
PB2_30,PB2_47,6.33333333333333
PB2_31,PB2_32,8.66666666666667
PB2_31,PB2_33,5
PB2_31,PB2_34,10.6666666666667
PB2_31,PB2_35,6.66666666666667
PB2_31,PB2_36,10.6666666666667
PB2_31,PB2_37,8.16666666666667
PB2_31,PB2_38,7.16666666666667
PB2_31,PB2_39,8.16666666666667
PB2_31,PB2_40,10.6666666666667
PB2_31,PB2_41,4.66666666666667
PB2_31,PB2_42,6.66666666666667
PB2_31,PB2_43,6.66666666666667
PB2_31,PB2_44,21.6666666666667
PB2_31,PB2_45,42.3333333333333
PB2_31,PB2_46,13.6666666666667
PB2_31,PB2_47,7.66666666666667
PB2_32,PB2_33,6.33333333333333
PB2_32,PB2_34,12
PB2_32,PB2_35,8
PB2_32,PB2_36,12
PB2_32,PB2_37,9.5
PB2_32,PB2_38,8.5
PB2_32,PB2_39,9
PB2_32,PB2_40,12
PB2_32,PB2_41,6
PB2_32,PB2_42,10
PB2_32,PB2_43,10
PB2_32,PB2_44,23
PB2_32,PB2_45,45
PB2_32,PB2_46,15
PB2_32,PB2_47,11
PB2_33,PB2_34,6.33333333333333
PB2_33,PB2_35,2.33333333333333
PB2_33,PB2_36,6.33333333333333
PB2_33,PB2_37,3.83333333333333
PB2_33,PB2_38,2.83333333333333
PB2_33,PB2_39,4.33333333333333
PB2_33,PB2_40,6.33333333333333
PB2_33,PB2_41,0.333333333333333
PB2_33,PB2_42,3.66666666666667
PB2_33,PB2_43,4.33333333333333
PB2_33,PB2_44,17.3333333333333
PB2_33,PB2_45,39.3333333333333
PB2_33,PB2_46,9.33333333333333
PB2_33,PB2_47,4.66666666666667
PB2_34,PB2_35,8
PB2_34,PB2_36,12
PB2_34,PB2_37,9.5
PB2_34,PB2_38,7.5
PB2_34,PB2_39,10
PB2_34,PB2_40,12
PB2_34,PB2_41,6
PB2_34,PB2_42,10
PB2_34,PB2_43,10
PB2_34,PB2_44,20
PB2_34,PB2_45,45
PB2_34,PB2_46,14
PB2_34,PB2_47,11
PB2_35,PB2_36,8
PB2_35,PB2_37,5.5
PB2_35,PB2_38,4.5
PB2_35,PB2_39,6
PB2_35,PB2_40,7
PB2_35,PB2_41,2
PB2_35,PB2_42,6
PB2_35,PB2_43,6
PB2_35,PB2_44,19
PB2_35,PB2_45,40
PB2_35,PB2_46,11
PB2_35,PB2_47,7
PB2_36,PB2_37,9.5
PB2_36,PB2_38,8.5
PB2_36,PB2_39,5
PB2_36,PB2_40,10
PB2_36,PB2_41,6
PB2_36,PB2_42,6
PB2_36,PB2_43,6
PB2_36,PB2_44,21
PB2_36,PB2_45,45
PB2_36,PB2_46,15
PB2_36,PB2_47,7
PB2_37,PB2_38,6
PB2_37,PB2_39,7.5
PB2_37,PB2_40,9.5
PB2_37,PB2_41,3.5
PB2_37,PB2_42,7.5
PB2_37,PB2_43,7.5
PB2_37,PB2_44,20.5
PB2_37,PB2_45,42.5
PB2_37,PB2_46,12.5
PB2_37,PB2_47,8.5
PB2_38,PB2_39,6
PB2_38,PB2_40,8.5
PB2_38,PB2_41,2.5
PB2_38,PB2_42,6.5
PB2_38,PB2_43,6.5
PB2_38,PB2_44,18.5
PB2_38,PB2_45,41.5
PB2_38,PB2_46,9.5
PB2_38,PB2_47,7.5
PB2_39,PB2_40,7.5
PB2_39,PB2_41,4
PB2_39,PB2_42,3.5
PB2_39,PB2_43,3
PB2_39,PB2_44,19
PB2_39,PB2_45,40
PB2_39,PB2_46,13
PB2_39,PB2_47,4.5
PB2_40,PB2_41,6
PB2_40,PB2_42,8
PB2_40,PB2_43,8
PB2_40,PB2_44,20
PB2_40,PB2_45,42
PB2_40,PB2_46,15
PB2_40,PB2_47,9
PB2_41,PB2_42,4
PB2_41,PB2_43,4
PB2_41,PB2_44,17
PB2_41,PB2_45,39
PB2_41,PB2_46,9
PB2_41,PB2_47,5
PB2_42,PB2_43,2
PB2_42,PB2_44,19
PB2_42,PB2_45,43
PB2_42,PB2_46,13
PB2_42,PB2_47,1
PB2_43,PB2_44,19
PB2_43,PB2_45,43
PB2_43,PB2_46,13
PB2_43,PB2_47,3
PB2_44,PB2_45,51
PB2_44,PB2_46,23
PB2_44,PB2_47,20
PB2_45,PB2_46,45
PB2_45,PB2_47,44
PB2_46,PB2_47,14
